<?xml version="1.0" encoding="UTF-8"?>
<c3p0-config>
   <!--默认配置-->
    <default-config>  
        <property name="driverClass">com.mysql.jdbc.Driver</property>  
        <property name="jdbcUrl">jdbc:mysql://127.0.0.1:3306/zhenjiu?useUnicode=true&characterEncoding=utf-8</property>  
        <property name="user">root</property>  
        <property name="password"></property>  
        <property name="initialPoolSize">10</property>  
        <property name="maxIdleTime">30</property>  
        <property name="maxPoolSize">100</property>  
        <property name="minPoolSize">2</property>  
        <property name="maxStatements">200</property>  
    </default-config>  
</c3p0-config>